{
  "nse": -41.97326095152431,
  "winkler": 154.26726055334123,
  "coverage": 0.0
}